{"cameraMode":{"drawMode":0,"name":"Shaded","section":"Shading Mode"},"sceneLighting":false,"audioPlay":false,"sceneViewState":{"m_AlwaysRefresh":false,"showFog":true,"showSkybox":false,"showFlares":true,"showImageEffects":true,"showParticleSystems":true,"showVisualEffectGraphs":true,"m_FxEnabled":true},"in2DMode":false,"pivot":{"x":2.0079307556152345,"y":-2.832573890686035,"z":2.2749979496002199},"rotation":{"x":0.12069782614707947,"y":0.6981478929519653,"z":-0.12120672315359116,"w":0.6952193379402161},"size":13.248106956481934,"orthographic":false}