{"cameraMode":{"drawMode":0,"name":"Shaded","section":"Shading Mode"},"sceneLighting":false,"audioPlay":false,"sceneViewState":{"m_AlwaysRefresh":false,"showFog":true,"showSkybox":false,"showFlares":true,"showImageEffects":true,"showParticleSystems":true,"showVisualEffectGraphs":true,"m_FxEnabled":true},"in2DMode":false,"pivot":{"x":110.55342864990235,"y":-2.8509130477905275,"z":85.283935546875},"rotation":{"x":0.0008171000517904758,"y":-0.9944626092910767,"z":0.10480418801307678,"w":0.007753079291433096},"size":18.564298629760743,"orthographic":false}